Brand,Model,Kms,License,Year,Capacity,Type,Price
TRIUMPH,SPEED Triple R,36000,A,2016,1050,NAKED,5880
APRILIA,Shiver 750 GT,23000,A,2015,750,NAKED,5880
KAWASAKI,Z 1000 SX,55000,A,2012,1000,TOURING,5880
PEUGEOT,Metropolis 400,20000,A2,2018,400,TRES RUEDAS,5880
HONDA,VFR 1200 F DCT,97000,A,2010,1200,TOURING,5880
SYM,Maxsym 600i ABS,2514,A / A2,2019,600,MAXI-SCOOTER,5880
YAMAHA,FJR 1300 A,48000,A,2014,1300,TOURING,5880
SYM,Maxsym 600i ABS,4000,A / A2,2020,600,MAXI-SCOOTER,5880
HUSQVARNA,701 Supermoto,25000,A,2016,701,NAKED,5880
MOTO GUZZI,V9 Roamer,0,A,2021,900,NAKED,5880
HONDA,SCOOPY SH300i,54000,A2,2015,300,MAXI-SCOOTER,5880
TRIUMPH,Street Triple R x,42000,A,2015,675,NAKED,5880
YAMAHA,MT 01,32000,A,2005,1000,NAKED,5880
ROYAL ENFIELD,Meteor 350,5000,A2,2021,350,NAKED,5880
MOTO GUZZI,V7 III Stone,19000,A,2017,744,CUSTOM,5880
HONDA,PAN-EUROPEAN ST 1300,50000,A,2004,1300,TOURING,5880
DUCATI,Multistrada 1260 S,78000,A,2018,1260,TRAIL,5880
PEUGEOT,Metropolis 400 RX-R,8000,A2,2017,400,TRES RUEDAS,5880
YAMAHA,FJR 1300 A,48000,A,2015,1300,TOURING,5880
KTM,1050 Adventure,44000,A,2016,1050,TRAIL,5880
HONDA,VFR 1200 F,77000,A,2010,1200,TOURING,5880
DUCATI,DIAVEL Dark,14600,A,2013,1198,NAKED,5880
KAWASAKI,Z 1000 SX,42000,A,2013,1000,TOURING,5880
BMW,K 1200 LT,43000,A,2004,1200,TOURING,5880
APRILIA,SMV 750 Dorsoduro ABS,12000,A,2010,750,NAKED,5880
DUCATI,Streetfighter 1100,27000,A,2009,1100,NAKED,5880
HONDA,CRF 450 L,4000,A2,2020,450,OFF-ROAD,5880
BMW,F 800 GT,46000,A,2015,800,TOURING,5880
KAWASAKI,Z 750,52000,A,2006,750,TOURING,5880
HUSQVARNA,Vitpilen 701,7000,A,2018,701,NAKED,5880
HUSQVARNA,Svartpilen 701,2000,A,2020,701,NAKED,5880
KAWASAKI,Z 1000 SX,63000,A,2014,1000,TOURING,5880
SUZUKI,Intruder C1500,11000,A,2008,1500,CUSTOM,5880
BMW,F 700 GS,31000,A,2012,700,TRAIL,5880
BMW,K 1300 R,139114,A,2010,1300,NAKED,5880
DUCATI,MONSTER S2R 800,40000,A,2005,800,NAKED,5880
KTM,EXC 300,200,A2,2009,300,OFF-ROAD,5880
YAMAHA,X-MAX 400,20000,A2,2018,400,MAXI-SCOOTER,5880
BMW,K 1200 R Sport,40000,A,2009,1200,TOURING,5880
BMW,R 850 R,33000,A,2005,850,NAKED,5880
BMW,R 850 R,43000,A,2004,850,NAKED,8380
BMW,R 1200 S,54000,A,2007,1200,TOURING,8380
YAMAHA,Super Ténéré,67000,A,2017,1200,TRAIL,8380
BMW,F 800 ST,8000,A,2006,800,TOURING,8380
BMW,R 1200 S,49000,A,2008,1200,TOURING,8380
HONDA,SCOOPY SH300i,45000,A2,2010,300,SCOOTER,8380
KYMCO,AK 550,12000,A / A2,2017,550,MAXI-SCOOTER,8380
SUZUKI,GSX R600,50400,A,2001,600,SPORT,8380
KAWASAKI,ZX 10R KRT,14000,A,2019,1000,SPORT,8380
BMW,K 1200 S,60000,A,2005,1200,TOURING,8380
BMW,F 800 ST,29000,A,2007,800,TOURING,8380
TRIUMPH,STREET TRIPLE R,7057,A,2021,765,NAKED,8380
BMW,R 1250 R,8600,A,2020,1250,NAKED,8380
TRIUMPH,STREET TRIPLE R,2250,A,2021,765,NAKED,8380
TRIUMPH,STREET TRIPLE RS,6000,A,2018,765,NAKED,8380
HONDA,CBF 600S,19000,A,2004,600,TOURING,8380
BMW,S 1000 XR,14000,A,2017,1000,TRAIL,8380
SUZUKI,GSX-S125 ABS,11000,A1,2019,125,NAKED,8380
HARLEY DAVIDSON,Sportster 1200,26000,A,2006,1200,CUSTOM,8380
KAWASAKI,Z 1000 SX,72000,A,2011,1000,TOURING,8380
DUCATI,MONSTER S2R 800,25000,A,2006,800,NAKED,8380
HARLEY DAVIDSON,Sportster XR 1200,18000,A,2008,1200,CUSTOM,8380
TRIUMPH,STREET TRIPLE R,9000,A,2019,765,NAKED,8380
SUZUKI,Intruder C800,14000,A,2010,800,CUSTOM,8380
HONDA,CB 500F,20000,A / A2,2013,500,NAKED,8380
KAWASAKI,ZX 6R,52000,A,2008,600,SPORT,8380
TRIUMPH,Speed Triple S,5000,A,2017,1050,NAKED,8380
BMW,K 1200 GT,27000,A,2003,1200,TOURING,8380
KTM,1090 Adventure R,31000,A,2017,1090,TRAIL,8380
TRIUMPH,SPEED Four,17000,A,2006,600,NAKED,8380
MV AGUSTA,BRUTALE 800 EAS ABS,33000,A,2016,800,NAKED,8380
YAMAHA,MT 09,13000,A,2020,900,NAKED,8380
BMW,C 650 GT,27000,A / A2,2015,650,MAXI-SCOOTER,8380
HONDA,Integra,20000,A,2016,750,MAXI-SCOOTER,8380
HONDA,VFR 800 FI,50000,A,2011,800,MAXI-SCOOTER,8380
DUCATI,DIAVEL 1198,48000,A,2011,1200,CUSTOM,8380
BMW,K 1200 R Sport,45000,A,2008,1200,SPORT,8380
TRIUMPH,TIGER Explorer 1200 XCA,8000,A,2016,1200,TRAIL,8380
KTM,1190 Adventure,50000,A,2014,1190,TRAIL,8380
YAMAHA,XJR 1300,18600,A,2016,1300,NAKED,8380
KYMCO,Super Dink 350i,35200,A2,2019,350,MAXI-SCOOTER,8380
KTM,1290 Super Duke R ABS,44000,A,2015,1290,NAKED,8380
APRILIA,Shiver 750,38400,A,2010,750,NAKED,8380
SUZUKI,GSX R1000,49000,A,2007,1000,SPORT,8380
KTM,990 SUPER DUKE,36400,A,2011,990,NAKED,8380
HONDA,Integra,17800,A,2017,750,MAXI-SCOOTER,8380
BMW,R nineT,26000,A,2016,1200,NAKED,8380
TRIUMPH,Thruxton EFI,55000,A,2008,900,NAKED,8380
YAMAHA,X MAX 400,29000,A2,2014,400,MAXI-SCOOTER,7880
TRIUMPH,SPEED TRIPLE ABS,40000,A,2013,1050,NAKED,8380
SUZUKI,Intruder C800,27000,A,2010,800,CUSTOM,8380
APRILIA,Sportcity 125,35300,A1,2009,125,SCOOTER,8380
GAS GAS,EC 250 R,950,A2,2019,250,OFF-ROAD,8380
DUCATI,MULTISTRADA 620,38000,A / A2,2007,620,TRAIL,8380
KTM,1050 Adventure,34000,A,2016,1050,TRAIL,8380
BMW,F 800 S,40000,A,2009,800,TOURING,8380
HONDA,CBR 1000 RR Fireblade,32000,A,2017,1000,SPORT,7880
SYM,Fiddle III,2000,AM,2018,50,SCOOTER,7080
HONDA,Crossrunner VFR800X,28000,A,2016,800,TRAIL,7080
HONDA,VFR 1200 F,61000,A,2012,1200,TOURING,7880
YAMAHA,MT 03,23000,A / A2,2006,300,NAKED,7880
BMW,F 800 GS Adventure,64200,A,2018,800,TRAIL,7880
BMW,R 1250 RT,4000,A,2020,1250,TOURING,7080
KTM,1290 Super Adventure R,52000,A,2017,1290,TRAIL,7080
DUCATI,MONSTER 796,29000,A / A2,2014,796,NAKED,7080
HONDA,Forza 125,13000,A1,2017,125,SCOOTER,7080
TRIUMPH,BONNEVILLE SE,35000,A,2009,865,NAKED,7080
SUZUKI,GSX250R/ABS,2000,A2,2018,250,SPORT,7080
APRILIA,RSV 4 R APRC,35000,A,2014,1000,SPORT,7080
YAMAHA,YZF R 125,9000,A1,2020,125,SPORT,7080
HONDA,CBF 1000,58000,A,2008,1000,NAKED,7080
VESPA,GTS 300 Super,26000,A2,2009,300,MAXI-SCOOTER,7080
BMW,C 650 GT,25000,A,2015,650,MAXI-SCOOTER,7080
YAMAHA,TMAX 560 TECH MAX,12000,A / A2,2020,560,MAXI-SCOOTER,7080
KTM,990 SUPER DUKE,38000,A,2006,990,NAKED,7080
BMW,F 800 GS,34200,A,2012,800,TRAIL,7080
PIAGGIO,Beverly 350 ABS,70,A2,2021,350,MAXI-SCOOTER,7080
DUCATI,MONSTER 796,5000,A,2011,796,NAKED,7080
BMW,F 700 GS,35500,A,2015,700,TRAIL,7080
KYMCO,AK 550,36800,A2,2017,550,MAXI-SCOOTER,7080
KAWASAKI,Z 900,25000,A,2018,900,NAKED,5180
KTM,125 Duke,12000,A1,2020,125,NAKED,7080
TRIUMPH,TIGER 800,51000,A,2015,800,TRAIL,5180
BMW,C 600 Sport,34000,A / A2,2013,600,MAXI-SCOOTER,7080
PIAGGIO,beverly 300 ie,36000,A2,2011,300,MAXI-SCOOTER,5180
HONDA,CBR 1000RR,47000,A,2008,1000,SPORT,5180
TRIUMPH,STREET TRIPLE S 660,6000,A / A2,2017,660,NAKED,7080
SUZUKI,GSR 750,18000,A,2012,750,NAKED,5180
TRIUMPH,Thruxton EFI,16000,A / A2,2015,850,NAKED,5180
HONDA,Integra,13000,A / A2,2017,700,TRAIL,5180
HONDA,CB 1000R,17000,A,2018,1000,NAKED,5180
BMW,F 800 GS,4500,A,2015,800,TRAIL,5180
SUZUKI,GSX 650 F,27000,A / A2,2011,27000,TOURING,4130
BMW,F 800 R,40200,A,2010,800,NAKED,4130
DUCATI,SuperSport,8000,A,2018,900,SPORT,5180
BMW,K 1200 R,45500,A,2005,1200,SPORT,5180
YAMAHA,FZ6 N,29000,A,2005,600,NAKED,2630
HONDA,CBR 1000RR Fireblade,12000,A,2011,1000,SPORT,2630
DUCATI,Diavel,43000,A,2015,1198,CUSTOM,4130
YAMAHA,YZF R1,50000,A,2011,2011,SPORT,2630
SYM,Maxsym 600i ABS,21500,A,2017,600,MAXI-SCOOTER,4130
KYMCO,AK 550,8000,A / A2,2019,550,MAXI-SCOOTER,2630
DUCATI,MULTISTRADA 1200,46000,A,2010,1200,TRAIL,2630
YAMAHA,FJR 1300 AE,3000,A,2019,1300,TOURING,2630
HONDA,CBF 600S,37000,A,2005,,TOURING,2880
MOTO GUZZI,V7 III Stone,1000,A / A2,2021,744,NAKED,2880
KTM,300 EXC,11000,A2,2018,300,OFF-ROAD,2880
KAWASAKI,Z 800e,50000,A,2013,800,NAKED,2880
TRIUMPH,DAYTONA 600,23000,A,2005,600,SPORT,2880
BMW,F 800 GS,58000,A,2014,800,TRAIL,2880
BMW,F 700 GS,20000,A,2017,700,TRAIL,2880
KTM,790 Duke,13000,A,2018,790,NAKED,2880
DUCATI,848 Superbike,51000,A,2008,848,SPORT,2880
TRIUMPH,BONNEVILLE T100,80000,A,2008,850,NAKED,2880
KYMCO,Grand Dink 125,5000,A1,2017,125,SCOOTER,2880
HONDA,CBF 600S,23000,A,2006,600,NAKED,2880
KAWASAKI,ZZR 1400,51000,A,2006,1400,SPORT,2880
DUCATI,Hyperstrada,29000,A,2015,821,TRAIL,2880
KTM,1050 Adventure,19000,A,2015,1050,TRAIL,2880
HARLEY DAVIDSON,VRSC V-Rod Muscle,29000,A,2009,1250,CUSTOM,2880
YAMAHA,FZ6 S ABS,29300,A,2007,600,TOURING,2880
YAMAHA,X-MAX 125,5800,A1,2018,125,SCOOTER,4080
HONDA,CBR 600F,36300,A,2005,600,SPORT,3030
TRIUMPH,TIGER Explorer 1200 XC,21000,A,2016,1200,TRAIL,4080
YAMAHA,YZF R6R,46000,A,2007,600,SPORT,3030
DUCATI,Hypermotard 939,23000,A,2016,939,OFF-ROAD,4080
BMW,R 1200 R,12400,A,2019,1200,SPORT,2880
TRIUMPH,SPEED Triple R,38000,A,2012,1050,NAKED,3030
HONDA,Forza 125,25000,A1,2016,125,SCOOTER,3380
SUZUKI,GSX 650 F,45000,A,2008,650,TOURING,3230
BMW,F 800 GS Adventure,47000,A,2015,800,TRAIL,8480
KAWASAKI,GTR 1400,60600,A,2007,1400,TOURING,6880
DUCATI,MONSTER S2R 800,35600,A,2005,800,NAKED,4880
TRIUMPH,Tiger 800 XR X,17100,A,2017,800,TRAIL,6880
YAMAHA,YZF R1,40000,A,2006,1000,SPORT,6180
APRILIA,Tuono 125,12200,A1,2019,125,NAKED,3180
MV AGUSTA,BRUTALE 750S,27000,A,2005,750,NAKED,5080
SYM,Maxsym 600i ABS,31000,A / A2,2017,600,MAXI-SCOOTER,5080
TRIUMPH,TIGER Explorer 1200 XR,23000,A,2016,1200,TRAIL,12080
YAMAHA,MT10,5000,A,2021,1000,NAKED,4380
KYMCO,Like 125,9100,A1,2016,125,SCOOTER,1530
HONDA,NC 750 S DTC ABS,43400,A,2016,750,TRAIL,4880
TRIUMPH,Bonneville Speedmaster,2000,A,2019,1200,CUSTOM,5080
HUSABERG,TE 250,8000,A2,2012,250,OFF-ROAD,4380
YAMAHA,MT 01,54500,A,2007,1600,NAKED,5080
HONDA,CBR 1100 XX,64200,A,2003,1100,SPORT,5280
PIAGGIO,MP3 350 ABS/ASR,900,A / A2,2021,400,TRES RUEDAS,2280
HONDA,CBR 600 RR,30800,A,2004,600,SPORT,3630
BMW,F 700 GS,44000,A,2013,700,TRAIL,5080
HONDA,NC 750 X DCT,73000,A / A2,2018,750,TRAIL,5280
TRIUMPH,SPEED TRIPLE,77000,A,2011,1050,NAKED,5080
BMW,R 1200 GS,52000,A,2010,1200,TRAIL,2280
HARLEY DAVIDSON,VRSCA V-Rod Screaming Eagle,7900,A,2002,1100,CUSTOM,8180
ZONTES,X-310,800,A2,2020,310,TRAIL,3780
KAWASAKI,Z 900,2700,A2,2020,900,NAKED,8180
HONDA,CBR 600 RR,54400,A,2005,600,SPORT,3880
YAMAHA,V-Max 1200,58000,A,1992,1200,CUSTOM,5930
SUZUKI,Marauder 250,17000,A2,2005,250,CUSTOM,5930
KYMCO,Grand Dink 125,40000,A1,2017,125,SCOOTER,2280
HONDA,CBF 600S,75000,A,2006,600,TOURING,5930
PEUGEOT,Django50Heritage,2000,AM,2020,50,SCOOTER,4430
YAMAHA,YZF R1,26000,A,2005,1000,SPORT,4930
DUCATI,MONSTER 796,48000,A,2012,796,NAKED,4930
YAMAHA,X MAX 400,29400,A2,2015,400,MAXI-SCOOTER,4430
KAWASAKI,VN VULCAN 800 CLASIC,30700,A,2005,800,CUSTOM,4930
VESPA,S 125 ie,14500,A1,2010,125,SCOOTER,2330
SUZUKI,GSX 1250 FA,40000,A,2010,1250,TOURING,4430
MV AGUSTA,BRUTALE 800 RR,4000,A,2019,800,NAKED,4430
DUCATI,MONSTER796,44000,A,2011,796,NAKED,4430
BMW,C 600 Sport,35000,A / A2,2012,600,MAXI-SCOOTER,4430
SUZUKI,V-Strom 650,33300,A / A2,2007,650,TRAIL,4430
BMW,F 800 ST,33000,A,2006,800,TOURING,4430
TRIUMPH,ThruxtonRS,7000,A,2021,1200,CUSTOM,4430
BMW,K1200R,48000,A,2007,1200,TOURING,4430
APRILIA,RSV4 RR,22000,A,2016,1000,SPORT,4430
KAWASAKI,ZX6R,65000,A,2007,600,SPORT,4430
YAMAHA,FZ8 N,42400,A,2012,800,NAKED,4730
SUZUKI,GSX R600,39000,A,2005,600,SPORT,3330
BMW,C 650 Sport,16600,A,2016,650,MAXI-SCOOTER,6730
HONDA,Integra,49000,A,2013,700,MAXI-SCOOTER,3330
YAMAHA,X MAX 250,56800,A2,2006,250,MAXI-SCOOTER,1230
HONDA,CBF 600S,11200,A,2006,600,NAKED,3430
SUZUKI,GSR750,45000,A,2012,750,NAKED,4930
YAMAHA,X MAX 400 ABS,18100,A2,2015,400,MAXI-SCOOTER,5440
SUZUKI,BURGMAN 650 Executive,18000,A / A2,2016,650,MAXI-SCOOTER,5330
SUZUKI,Hayabusa 1300,32000,A,2007,1300,TOURING,8130
BMW,K 1200 R,33000,A,2006,1200,TOURING,5330
YAMAHA,YZF R1,50000,A,2006,1000,SPORT,5330
KTM,250 EXC-F,1900,A2,2021,250,OFF-ROAD,8130
APRILIA,Tuono V4 1100 Factory,3000,A,2021,1100,SPORT,8130
KTM,125 Duke,3000,A1,2020,125,NAKED,4230
KTM,125 Duke,5300,A1,2020,125,NAKED,8130
DUCATI,MULTISTRADA 1100,56000,A,2009,1100,TRAIL,4430
BMW,K 1200 R,43000,A,2006,1200,TOURING,7630
YAMAHA,XSR900 ABS,13000,A,2019,900,NAKED,8130
SUZUKI,BURGMAN 650 Executive,19000,A / A2,2017,650,MAXI-SCOOTER,7630
BMW,F 700 GS,64200,A,2013,700,TRAIL,6130
HONDA,FORZA 250 X,14000,A2,2006,250,MAXI-SCOOTER,1630
SUZUKI,V-Strom 1000 ABS,25200,A,2015,1000,TRAIL,8930
HONDA,CB 1000R,25000,A,2008,1000,NAKED,5930
HONDA,NT 700 V DEAUVILLE,51000,A,2011,700,TOURING,4630
YAMAHA,X-MAX 125,20700,A1,2018,125,SCOOTER,8930
BMW,C 650 Sport,1700,A2,2020,650,MAXI-SCOOTER,8930
BMW,K 1200 S,23200,A,2008,1200,TOURING,6330
SUZUKI,BURGMAN 200,3500,A2,2015,200,MAXI-SCOOTER,2330
BMW,S 1000 RR,41000,A,2013,1000,SPORT,11430
KAWASAKI,Ninja 1000 SX,15000,A,2020,1000,TOURING,12930
KAWASAKI,J 125,13000,A1,2017,125,SCOOTER,2830
KTM,125 Duke,4600,A1,2018,125,NAKED,4130
HONDA,CBF 1000,37000,A,2006,1000,NAKED,4430
KAWASAKI,ZX 10R,58000,A,2007,1000,SPORT,4430
HARLEY DAVIDSON,Touring Electra Glide Classic,42000,A,2000,1449,CUSTOM,4430
HONDA,CBF 600S,45000,A,2004,600,TOURING,4430
SYM,Maxsym 600i ABS,13000,A / A2,2019,600,MAXI-SCOOTER,4430
HONDA,NT 700 V DEAUVILLE,10000,A,2008,700,TOURING,4430
SUZUKI,BURGMAN 400,23000,A2,2009,400,MAXI-SCOOTER,4430
KTM,1290 Super Duke GT,24000,A,2017,1290,NAKED,2430
BMW,R 850 R,45700,A,2004,850,NAKED,3930
SUZUKI,GSF 600 Bandit S,62300,A,2005,600,TOURING,2430
HONDA,NT 700 V DEAUVILLE,48100,A,2011,700,TOURING,4930
DUCATI,Scrambler 1100,2000,A,2021,1100,NAKED,4930
KAWASAKI,VERSYS 1000,34600,A,2017,1000,TRAIL,8930
KYMCO,AK 550,18200,A2,2017,550,MAXI-SCOOTER,6130
BENELLI,BN 251,15000,A2,2016,250,NAKED,2430
BMW,C 650 Sport,14000,A / A2,2016,650,MAXI-SCOOTER,7030
SUZUKI,GSX-S 1000,63000,A,2015,1000,NAKED,1630
HONDA,NTV 650 REVERE,55000,A / A2,1989,650,NAKED,7030
FANTIC,Caballero Flat Track 500,2700,A2,2020,500,NAKED,5930
MASH,Seventy Five,2000,A1,2017,125,NAKED,1630
BMW,R 1200 R,37400,A,2015,1200,NAKED,9730
HONDA,CBR 600 RR,30000,A,2007,600,SPORT,5430
SUZUKI,V-Strom 1000,57800,A,2006,1000,TRAIL,4630
BMW,F 800 GS,70700,A,2009,800,TRAIL,4230
SUZUKI,GSX-S 1000 F,8900,A,2015,1000,TOURING,10730
KTM,125 Duke,9000,A1,2017,125,NAKED,4230
APRILIA,RSV4 RR,18500,A,2016,1000,SPORT,4230
PIAGGIO,LIBERTY 50 I-GET,20000,AM,2018,50,SCOOTER,4230
BMW,R nineT Scrambler,600,A,2020,1200,NAKED,13830
KAWASAKI,Z 1000 SX,29000,A,2018,1000,TOURING,9430
KTM,1290 Super Adventure,66000,A,2015,1290,TRAIL,9430
YAMAHA,X-CITY 250,47000,A2,2007,250,MAXI-SCOOTER,6130
HONDA,SILVER WING 600,22000,A / A2,2006,600,MAXI-SCOOTER,3130
KTM,DUKE II,36000,A,2002,640,NAKED,2730
BMW,K 1200 RS,30000,A,2007,1200,TOURING,6130
BMW,R 1200 R,114000,A,2007,1200,NAKED,4230
TRIUMPH,STREET TRIPLE,15000,A / A2,2009,675,NAKED,4430
BMW,R nineT Scrambler,13000,A,2019,1200,NAKED,4430
BMW,R 850 R,83000,A,2003,850,NAKED,2730
BMW,K 1200 R,53000,A,2006,1200,TOURING,5530
YAMAHA,T-Max 500,46000,A2,2011,500,MAXI-SCOOTER,4930
BMW,R 1200 RT 110cv,99200,A,2005,1200,TOURING,6430
TRIUMPH,TIGER 800,69000,A,2011,800,TRAIL,6130
MV AGUSTA,BRUTALE 990 R,43000,A,2010,990,NAKED,10730
YAMAHA,T-Max 500,38000,A2,2008,500,MAXI-SCOOTER,5430
SUZUKI,LS 650 Savage,56000,A,1997,650,CUSTOM,6430
MV AGUSTA,BRUTALE 1090 RR,15000,A,2013,1090,NAKED,10730
BMW,R 1200 R,53600,A,2007,1200,NAKED,5730
HONDA,NT 650 V DEAUVILLE,60800,A,2005,650,TOURING,3430
VESPA,LXV 50 2T,17300,AM,2004,50,SCOOTER,1030
BENELLI,TRK 502,14000,A / A2,2019,502,TRAIL,4730
HANWAY,Raw 125 Cafe,11000,A1,2018,125,CLASSIC,1530
PIAGGIO,X10 350 ie,5000,A1,2013,125,SCOOTER,2930
BMW,C 650 GT,12000,A / A2,2020,650,MAXI-SCOOTER,2930
BMW,R nineT Racer,3700,A,2021,1170,SPORT,11930
BMW,K 1200 R,43100,A,2007,1200,NAKED,1740
DAELIM,XQ2 300,5000,A2,2021,250,SCOOTER,3530
SUZUKI,V-Strom 650,16500,A / A2,2007,650,TRAIL,4430
HANWAY,Scrambler 125,300,A1,2017,125,NAKED,1740
BMW,F 700 GS,21600,A,2017,700,TRAIL,7430
KAWASAKI,GTR 1400,41000,A,2009,1400,TOURING,1740
BMW,C 650 GT,59000,A / A2,2015,650,MAXI-SCOOTER,4430
TRIUMPH,TIGER 800 XC X,21000,A,2017,800,TRAIL,9530
TRIUMPH,SPEED Four,36000,A,2005,600,NAKED,3230
DUCATI,MONSTER S2R 1000,55000,A,2007,1000,NAKED,3230
YAMAHA,MT 09,22000,A,2014,900,NAKED,5930
SUZUKI,Bandit 650 S,32000,A,2005,650,TOURING,3230
SUZUKI,V-Strom 650,63000,A,2006,650,TRAIL,3930
KTM,790 Duke,24000,A,2018,790,NAKED,5930
PEUGEOT,Django 50 Allure,18000,AM,2018,50,SCOOTER,3230
KAWASAKI,ER 6F,30000,A / A2,2008,600,TOURING,3230
BMW,R 1200 R,30000,A,2010,1200,NAKED,8030
MACBOR,Montana XR3,700,A2,2020,300,TRAIL,3230
HONDA,VFR 800 FI,39000,A,2008,800,TOURING,5230
TRIUMPH,DAYTONA 600,54500,A,2004,600,SPORT,3230
HONDA,VARADERO XL1000V,50000,A,2006,1000,TRAIL,5730
HONDA,CBR 1000RR Fireblade,31000,A,2010,1000,SPORT,8230
MACBOR,Lord Martin 125,2700,A1,2018,125,CLASSIC,1930
KTM,125 Duke,3000,A1,2020,125,NAKED,4230
BMW,C 600 Sport,36600,A2,2013,600,MAXI-SCOOTER,4830
KYMCO,Super Dink 125 ABS,17000,A1,2018,125,SCOOTER,2930
YAMAHA,XT 660 X,64000,A,2006,660,NAKED,3030
HONDA,XL 125V,21000,A1,2007,125,TRAIL,3130
DUCATI,MONSTER 696,27300,A,2008,696,NAKED,4130
HONDA,Integra,55000,A / A2,2016,700,MAXI-SCOOTER,5030
YAMAHA,MT 09,20800,A,2015,900,NAKED,6230
TRIUMPH,TIGER 1050,84000,A,2009,1050,TRAIL,4930
BMW,K 1200 GT,51300,A,2007,,TOURING,6930
TRIUMPH,Street Twin,27600,A,2019,900,NAKED,7430
KTM,125 Duke,16700,A1,2017,125,NAKED,4030
SUZUKI,GSX R600,53000,A,2005,600,SPORT,3130
YAMAHA,FZ6 S,24000,A,2005,600,TRAIL,2930
KTM,125 Duke,12300,A1,2020,125,NAKED,4230
DUCATI,1299 Panigale S Anniversario,15000,A,2017,1299,SPORT,20430
HARLEY DAVIDSON,Sportster 1200 Custom,12900,A,2008,1200,CUSTOM,10430
BMW,K 1200 GT,35700,A,2006,1200,TOURING,6930
KAWASAKI,VERSYS 1000,31000,A,2019,1000,TRAIL,10930
APRILIA,Shiver 900,6000,A,2019,900,NAKED,6130
BMW,R 1200 R,62900,A,2007,1200,NAKED,5530
SUZUKI,Bandit 650 S,18200,A,2007,650,TOURING,3330
SUZUKI,GSX R1000,39000,A,2006,1000,SPORT,5430
MASH,Cafe Racer,5100,A1,2017,125,CLASSIC,1530
HONDA,NC 700 S,29300,A,2011,700,MAXI-SCOOTER,4530
SUZUKI,GSX R750,39000,A,2008,750,SPORT,6130
SUZUKI,BURGMAN 400,33000,A2,2003,400,MAXI-SCOOTER,1430
GAS GAS,EC 350 F,2000,A2,2021,350,OFF-ROAD,7730
SUZUKI,BURGMAN 200,7600,A2,2010,200,MAXI-SCOOTER,2130
MV AGUSTA,Turismo Veloce 800 Lusso,5800,A,2018,800,TRAIL,15130
LML,STAR 200 4T Deluxe,4500,A2,2015,200,SCOOTER,1630
HONDA,CB 500F,11000,A2,2017,500,NAKED,4830
BMW,R 1200 GS Adventure 105cv,86000,A,2007,1200,TRAIL,9230
DUCATI,MONSTER 696,29200,A,2008,696,NAKED,4130
BMW,R 1200 RT,31400,A,2013,1200,TOURING,12330
SYM,JOYMAX 125,50000,A1,2015,125,SCOOTER,1730
SUZUKI,GSX R1000,39200,A,2005,1000,SPORT,5930
TRIUMPH,Tiger 800 XR X,18200,A,2016,800,TRAIL,9130
DUCATI,MONSTER 1100,19200,A,2009,1100,NAKED,7130
HONDA,Integra,35900,A,2014,750,MAXI-SCOOTER,5130
YAMAHA,MT10,17100,A,2019,1000,NAKED,11930
BMW,S 1000 RR,44000,A,2011,1000,SPORT,10930
TRIUMPH,TIGER 800,24000,A,2013,800,TRAIL,6930
HONDA,CBR 1000 RR Fireblade,22000,A,2014,1000,SPORT,12230
KTM,890 Adventure,6000,A,2021,890,TRAIL,7930
SUZUKI,B-KING 1340,27000,A,2011,1340,NAKED,7930
HUSQVARNA,Vitpilen 701,7854,A,2018,700,NAKED,6130
HONDA,TRANSALP XL 650 V,36000,A / A2,2005,650,TRAIL,3730
TRIUMPH,STREET TRIPLE R,40000,A,2011,650,NAKED,4430
HONDA,CBF 1000,37556,A,2007,1000,TOURING,3930
HONDA,CBF 500,91000,A,2004,500,NAKED,6530
HONDA,NT 700 V DEAUVILLE,30000,A,2009,700,TOURING,5230
BMW,R 1200 RT,107000,A,2012,1200,TOURING,8630
BMW,K 1300 GT,60000,A,2008,1300,TOURING,8230
DUCATI,Scrambler Classic,19000,A2,2016,490,NAKED,5430
BMW,C 650 Sport,21700,A2,2016,650,MAXI-SCOOTER,6430
KTM,250 EXC-F,7000,A2,2018,250,OFF-ROAD,6530
MV AGUSTA,BRUTALE 750S,52300,A,2005,750,NAKED,4730
KAWASAKI,Versys 650 ABS,15300,A / A2,2015,650,TRAIL,6130
BMW,S 1000 R,21100,A,2015,1000,NAKED,12440
MV AGUSTA,BRUTALE 800,42200,A,2013,800,NAKED,6730
HONDA,CBR 1000 RR Fireblade,28000,A,2016,1000,SPORT,4730
KAWASAKI,VERSYS 1000,55800,A,2017,1000,TRAIL,8930
HARLEY DAVIDSON,Sportster 883 Superlow,36800,A,2011,883,CUSTOM,7130
YAMAHA,X enter 125,21300,A1,2018,125,SCOOTER,2330
KTM,790 Duke,19300,A,2019,790,NAKED,6430
HONDA,CBR 1000 RR Fireblade,15000,A,2016,1000,SPORT,13230
YAMAHA,XT 660 X,7000,A,2006,660,NAKED,4530
BMW,R 1200 R,45000,A,2007,1200,NAKED,5930
APRILIA,RSV Mille Tuono,33900,A,2006,1000,NAKED,3930
BMW,F 800 GS,50000,A,2009,800,TRAIL,6630
BMW,F 650 GS,50000,A / A2,2010,650,TRAIL,4330
MASH,X-Ride 650,5000,A / A2,2021,650,NAKED,4930
SUZUKI,Hayabusa 1300,35000,A,2005,1300,SPORT,4230
KTM,1190 Adventure,60000,A,2013,1190,TRAIL,9330
HARLEY DAVIDSON,Street 750,16000,A,2016,,CUSTOM,6030
MASH,Cafe Racer,3000,A1,2019,125,NAKED,1930
HONDA,CBR 600 RR,48000,A,2008,600,SPORT,5730
KYMCO,Super Dink 350i,27000,A2,2017,350,MAXI-SCOOTER,3130
BMW,R 1200 RT 110cv,32000,A,2008,1200,TOURING,9830
HONDA,VARADERO XL1000V,47900,A,2002,1000,TRAIL,4230
BENELLI,TRK 251,8900,A2,2020,250,TRAIL,3230
BMW,R 1200 GS,33000,A,2017,1200,TRAIL,16930
KTM,1290 Super Duke R ABS,35300,A,2014,1290,NAKED,9830
DUCATI,1098 SUPERBIKE,41000,A,2008,1100,SPORT,7920
DUCATI,Streetfighter 1100,22715,A,2010,1100,NAKED,8230
SUZUKI,Marauder 250,20640,A2,2008,250,CUSTOM,1530
CFMOTO,650 MT,30000,A2,2019,650,NAKED,4330
YAMAHA,MT 03,20000,A2,2006,600,NAKED,2830
SUZUKI,GSX 650 F,33000,A,2009,650,TOURING,3930
BMW,R 1200 RT,87000,A,2011,1200,TOURING,8430
KYMCO,Grand Dink 125,15000,A1,2017,125,SCOOTER,2650
YAMAHA,X MAX 250,28000,A2,2014,250,MAXI-SCOOTER,5180
SUZUKI,BURGMAN 400,20000,A2,2014,400,MAXI-SCOOTER,3630
HONDA,CBF 600S,38300,A,2006,600,NAKED,5930
HONDA,CB 500 X ABS,47000,A / A2,2018,500,TRAIL,5180
APRILIA,Shiver 750,8500,A,2011,750,NAKED,4630
BMW,F 800 ST,68000,A,2007,800,TOURING,3450
PIAGGIO,MP3 500 Sport ABS/ASR,711,A2,2021,500,TRES RUEDAS,2850
KTM,690 SMC R ABS,6000,A,2019,690,OFF-ROAD,8450
YAMAHA,XVS 650 Drag Star Classic,35000,A,2001,650,CUSTOM,3350
KAWASAKI,Z 1000,60700,A,2010,1000,NAKED,5930
BMW,R 850 R,30900,A,2006,850,NAKED,4550
BMW,K 1600 GT,40000,A,2018,1600,TOURING,16950
GOES,G 125 GT,3000,A1,2020,125,SCOOTER,2150
DUCATI,MONSTER 796,43700,A,2011,796,NAKED,5250
DUCATI,Scrambler Desert Sled,527,A,2021,800,NAKED,10950
SUZUKI,GSF 600 Bandit S,65000,A,2004,600,TOURING,2850
SUZUKI,GSX R600,50000,A,2008,600,SPORT,5330
BMW,C 600 Sport,24000,A / A2,2014,600,MAXI-SCOOTER,5250
HONDA,NT 700 V DEAUVILLE,27000,A / A2,2014,700,TOURING,7250
GILERA,Nexus 300,21400,A2,2006,250,MAXI-SCOOTER,1950
HONDA,CB 500F,25000,A / A2,2017,500,NAKED,4750
BMW,C 400 X,18000,A2,2018,400,MAXI-SCOOTER,5450
BMW,F 800 GS,33700,A,2012,800,TRAIL,7430
YAMAHA,YZF R6,35200,A,2005,600,SPORT,3750
BMW,F 800 GS,50000,A,2016,800,TRAIL,7950
HONDA,CRF1000L Africa Twin,23000,A,2018,1000,TRAIL,11550
BENELLI,Leoncino 250,5000,A2,2020,250,NAKED,3270
SWM,Super Dual T,5500,A2,2020,600,NAKED,3750
TRIUMPH,SPEED Four,52400,A,2003,600,NAKED,2230
DUCATI,MONSTER 1200,22800,A,2014,1200,NAKED,10950
BENELLI,Leoncino 250,12100,A2,2019,250,NAKED,2850
MOTO GUZZI,V7 II Racer,4600,A,2016,750,NAKED,7950
HONDA,CBR 600F,77900,A,1999,600,SPORT,1950
HONDA,SCOOPY SH300i,11600,A2,2007,300,MAXI-SCOOTER,2950
MOTOR HISPANIA,REVENGE,100,A1,2021,125,NAKED,1950
APRILIA,Caponord,40400,A,2014,1200,TRAIL,8750
SUZUKI,GSX R1000,45500,A,2005,1000,SPORT,5450
BMW,C 650 GT,43000,A / A2,2017,650,MAXI-SCOOTER,1050
HONDA,CBR 650F,43200,A,2015,650,TOURING,5350
KTM,690 SMC R ABS,17000,A,2019,690,NAKED,1050
HARLEY DAVIDSON,Sportster Forty-Eight,16000,A,2016,1200,CUSTOM,11550
KTM,790 Duke,16000,A,2018,790,NAKED,1050
ORCAL,Astor 125,1000,A1,2020,125,NAKED,1750
KTM,690 DUKE,20000,A,2018,690,NAKED,1050
HUSQVARNA,SVARTPILEN 401,3500,A2,2020,400,NAKED,4550
SUZUKI,Gladius 650 ABS,4000,A / A2,2012,650,NAKED,5150
KAWASAKI,Z 900,8000,A,2020,900,NAKED,8250
SYM,Fiddle 125,500,A1,2020,125,SCOOTER,2450
YAMAHA,YZF R1,22000,A,2004,600,SPORT,5950
SUZUKI,BURGMAN 400,9000,A2,2018,400,MAXI-SCOOTER,5250
KAWASAKI,VERSYS 1000,9000,A,2020,1000,TRAIL,12750
HONDA,VFR 800 FI,59000,A,2007,800,TOURING,3950
YAMAHA,YP Majesty 150,32000,A1,2003,125,SCOOTER,1050
HONDA,FORZA 250 EX,27000,A2,2007,250,MAXI-SCOOTER,1750
HONDA,CTX 700,13300,A,2014,700,TOURING,6750
BMW,F 800 R 2015,12000,A,2015,800,NAKED,6550
SYM,Fiddle III,10000,AM,2019,50,SCOOTER,1550
TRIUMPH,TIGER 1050,32000,A,2010,1050,TRAIL,6950
SUZUKI,VL 800 Intruder Volusia,60000,A,2004,125,CUSTOM,4250
KYMCO,Xciting 400i,29300,A / A2,2018,400,MAXI-SCOOTER,3550
YAMAHA,FJR 1300 A,51272,A,2008,1300,TOURING,6950
APRILIA,SX 125,4300,A1,2021,125,NAKED,3490
KAWASAKI,ZX 6R,39900,A,2007,600,SPORT,4250
SYM,MAXSYM 400,35200,A / A2,2012,400,MAXI-SCOOTER,2850
SUZUKI,BURGMAN 200,19000,A2,2015,200,MAXI-SCOOTER,10450
KYMCO,AK 550,21200,A2,2017,550,MAXI-SCOOTER,5950
SYM,JOYMAX 300i ABS S&S Sport,11700,A2,2018,300,SCOOTER,3070
TRIUMPH,SPEED Four,20600,A,2004,600,SPORT,2850
SUZUKI,GSX 650 F,27600,A,2008,650,TOURING,3450
DUCATI,MULTISTRADA 1000 DS,7000,A,2006,1000,TRAIL,5250
SYM,Maxsym 600i ABS,2000,A / A2,2020,600,MAXI-SCOOTER,8750
KYMCO,Agility CITY 125,11000,A1,2019,125,SCOOTER,1850
KYMCO,AK 550,10200,A2,2018,550,MAXI-SCOOTER,6450
BMW,R nineT,32800,A,2018,1200,NAKED,8750
BMW,K 1200 S,49200,A,2008,1200,TOURING,5950
HARLEY DAVIDSON,Sportster Superlow 1200T,21500,A,2017,1200,CUSTOM,10450
BMW,K 1200 R,33500,A,2007,1200,TOURING,4950
SUZUKI,VanVan 125,6200,A1,2010,125,NAKED,2430
BMW,F 700 GS,56000,A,2012,700,TRAIL,2430
KAWASAKI,Ninja 1000 SX,7400,A,2021,1000,TOURING,14230
KTM,790 Duke,17000,A,2018,790,NAKED,1950
DUCATI,MONSTER S2R 800,24000,A,2006,800,NAKED,3430
TRIUMPH,Street Triple R,39100,A,2013,675,NAKED,1950
SYM,MAXSYM 600i ABS Sport,18000,A / A2,2019,600,MAXI-SCOOTER,1950
MV AGUSTA,Dragster 800 RR America,27000,A,2019,800,NAKED,13730
BMW,R 1200 GS,4200,A,2016,1200,TRAIL,15950
MITT,125 PK,640,A1,2020,125,NAKED,1950
YAMAHA,Majesty 400,51990,A / A2,2012,400,MAXI-SCOOTER,3150
SUZUKI,Bandit 650 S,31500,A,2005,650,TOURING,3050
HONDA,Rebel 500,500,A2,2019,500,CUSTOM,5950
BMW,C 650 GT,3200,A2,2018,650,MAXI-SCOOTER,7950
YAMAHA,X MAX 250,19000,A2,2014,250,MAXI-SCOOTER,2950
BMW,F 800 GS,37300,A,2010,800,TRAIL,6950
BENELLI,Leoncino 250,1400,A2,2019,250,NAKED,3450
BMW,F 800 GT,27500,A,2015,800,TOURING,6550
YAMAHA,FJR 1300 A,42100,A,2008,1300,TOURING,12550
SUZUKI,GSX R1000,33500,A,2008,1000,SPORT,7450
HONDA,NT 700 DEAUVILLE,46600,A,2007,700,TOURING,4150
TRIUMPH,DAYTONA 675 TRIPLE,31800,A,2006,675,SPORT,5550
KAWASAKI,ZX 6R 636,26200,A,2005,636,SPORT,3450
HARLEY DAVIDSON,Dyna Switchback,60100,A,2012,1600,CUSTOM,12450
BMW,S 1000 RR,34400,A,2012,1000,SPORT,11550
YAMAHA,XVS 650 Drag Star Classic,17000,A / A2,2007,650,CUSTOM,4450
BMW,C 650 GT,20000,A / A2,2018,650,MAXI-SCOOTER,6450
HONDA,CBR 1000RR,60000,A,2005,1000,SPORT,4950
TRIUMPH,DAYTONA 650,52000,A,2006,650,SPORT,4150
KAWASAKI,ER 6N,71000,A / A2,2007,600,NAKED,2450
KAWASAKI,VERSYS 650,59000,A / A2,2013,650,TRAIL,6450
HARLEY DAVIDSON,VRSCA V-Rod Screaming Eagle,56000,A,2002,1131,CUSTOM,4950
KAWASAKI,Z 900,6000,A,2020,900,NAKED,8250
BMW,G 310 R,10000,A2,2017,310,NAKED,3650
BMW,R 1200 GS Adventure,49000,A,2016,1200,TRAIL,14950
DUCATI,Streetfighter 1100,37000,A,2010,1100,NAKED,7650
BMW,C 600 Sport,43000,A / A2,2013,600,MAXI-SCOOTER,4750
YAMAHA,X-MAX 125,8000,A1,2021,125,SCOOTER,4550
YAMAHA,X-MAX 300,13000,A2,2018,300,MAXI-SCOOTER,4750
YAMAHA,FZ1 N,72000,A,2010,1000,NAKED,4950
YAMAHA,FZ1 N,56000,A,2006,1000,NAKED,4150
FKM,Street Scrambler 125,1000,A1,2020,125,NAKED,1650
SUZUKI,GSX-R1000R,17000,A,2017,1000,SPORT,3450
MASH,Five Hundred,6000,A2,2019,400,NAKED,3450
SYM,Mio 115,3000,A1,2019,115,SCOOTER,1350
KTM,RC8 1150,14800,A,2008,1150,SPORT,7350
YAMAHA,MT10 SP,16000,A,2020,1000,NAKED,13950
HONDA,Integra,700,A,2021,1100,TRAIL,14950
BMW,R 1200 GS 98cv,41000,A,2008,1200,TRAIL,9650
YAMAHA,XV 1100 Virago,73000,A,1991,1100,CUSTOM,2650
BMW,R 1200 GS,17000,A,2007,1200,TRAIL,8450
YAMAHA,XVS 650 A Drag Star Classic,65000,A,2008,650,CUSTOM,3450
YAMAHA,YZF R1,31000,A,2005,1000,SPORT,2650
HONDA,CB 500 X,25000,A / A2,2016,500,TRAIL,9650
HONDA,FMX 650,26000,A / A2,2005,650,NAKED,2650
BMW,R 1200 GS,83000,A,2005,1200,TRAIL,2650
BMW,R 1200 R,8000,A,2007,1200,NAKED,7250
BMW,K 1200 RS,97000,A,2007,1200,TOURING,2950
SUZUKI,GSX-R1000R,17000,A,2018,1000,SPORT,9650
BMW,R 1200 R,44000,A,2016,1200,NAKED,9650
SUZUKI,GSX R600,16000,A,2008,600,SPORT,5750
DERBI,Variant Sport 50,10000,AM,2015,50,SCOOTER,1150
YAMAHA,Super Ténéré,41000,A,2018,1200,TRAIL,2950
APRILIA,Dorsoduro 750,34000,A,2010,750,NAKED,1150
HARLEY DAVIDSON,Dyna Low Rider,55000,A,2005,1450,CUSTOM,9950
YAMAHA,V-Max 1700,18000,A,2009,1700,CUSTOM,15950
BENELLI,502 C,6500,A2,2019,502,NAKED,4950
PEUGEOT,SATELIS 125i urban,12000,A1,2014,125,SCOOTER,15950
APRILIA,SMV 750 Dorsoduro,72000,A,2009,750,NAKED,9950
SYM,Jet 4 50 4T,14200,AM,2019,50,SCOOTER,1650
HONDA,Integra,17000,A / A2,2020,,MAXI-SCOOTER,9950
KYMCO,Xciting 400i,9800,A2,2019,400,MAXI-SCOOTER,5770
TRIUMPH,STREET TRIPLE S,7900,A / A2,2018,660,NAKED,7050
KAWASAKI,VN 1600 CLASIC,31700,A,2006,1600,CUSTOM,6950
BMW,R 1200 GS 105cv,77185,A,2009,1200,TRAIL,9150
BMW,G 310 R,2800,A2,2018,300,NAKED,3950
YAMAHA,XJ6 Diversion N,39100,A / A2,2012,600,NAKED,3650
APRILIA,Shiver 900,6600,A,2018,900,NAKED,6150
HONDA,SCOOPY SH300i TopBox,38087,A / A2,2012,300,MAXI-SCOOTER,3250
YAMAHA,MT10,29700,A,2016,1000,NAKED,10250
PIAGGIO,beverly Sport Touring 350 ie,27300,A2,2012,350,MAXI-SCOOTER,2950
SUZUKI,V-Strom 650 ABS,41986,A,2019,650,TRAIL,6350
BMW,K 1200 R,44106,A,2006,1200,NAKED,4950
HONDA,CBR 1000 RR Fireblade,8076,A,2017,1000,SPORT,16950
BMW,F 700 GS,24924,A,2015,700,TRAIL,8750
INDIAN,FTR 1200,2200,A,2021,1200,NAKED,2950
BMW,C 650 GT,14945,A / A2,2014,650,MAXI-SCOOTER,5650
TRIUMPH,Speedmaster 900,10743,A,2011,900,CUSTOM,6550
HONDA,Forza 125,6000,A1,2017,125,SCOOTER,2750
DUCATI,Streetfighter V4,19000,A,2020,1100,NAKED,2750
HONDA,CBR 650 F,23000,A,2018,650,SPORT,2750
TRIUMPH,Bonneville Bobber Black,1500,A,2020,1200,CUSTOM,13950
SUZUKI,GSX R1000,64031,A,2006,1000,SPORT,5250
YAMAHA,XVZ 1300 Royal Star Venture,32400,A,1999,1300,CUSTOM,7250
HONDA,CRF1000L Africa Twin DCT,43000,A,2016,1000,TRAIL,9950
DUCATI,1098 SUPERBIKE,46000,A,2007,1098,SPORT,2750
KYMCO,Grand Dink 125,29300,A1,2019,125,SCOOTER,2250
BMW,R 1200 RT 110cv,49100,A,2006,1200,TOURING,7950
APRILIA,SMV 750 Dorsoduro,44200,A,2008,750,NAKED,4450
HARLEY DAVIDSON,Softail Slim,10900,A,2016,1800,CUSTOM,19950
KYMCO,Super Dink 125 ABS,11000,A1,2018,125,SCOOTER,2850
BENELLI,BN 251 ABS,4500,A2,2017,250,NAKED,2750
KAWASAKI,Ninja H2 SX SE +,1500,A,2021,1000,TOURING,19950
SUZUKI,V-Strom 650,80000,A,2006,650,TRAIL,2950
YAMAHA,X MAX 125 Iron Max,11868,A1,2019,125,NAKED,4550
KAWASAKI,Z 750,56000,A,2005,750,NAKED,2450
PIAGGIO,X EVO 400,12432,A / A2,2009,400,MAXI-SCOOTER,2150
SUZUKI,BURGMAN 125,13300,A1,2016,125,SCOOTER,2350
BENELLI,TRK 251,6800,A2,2019,251,TRAIL,2850
KTM,690 SMC R ABS,11000,A / A2,2019,690,NAKED,8350
HARLEY DAVIDSON,Street 750,3600,A,2018,750,CUSTOM,6950
KAWASAKI,VERSYS 650,61564,A / A2,2008,650,NAKED,3350
BMW,F 800 GS,57921,A,2009,,TRAIL,6650
BMW,F 800 S,65000,A,2008,800,TOURING,6250
DUCATI,749 R,49000,A,2005,749,SPORT,14950
DUCATI,MONSTER 620,1450,A,2003,620,NAKED,3650
YAMAHA,XV 1100 Virago,57287,A,1991,1100,CUSTOM,2750
YAMAHA,XJ6 Diversion N,26700,A / A2,2009,600,NAKED,3850
KAWASAKI,Z 1000,19100,A,2008,1000,NAKED,6250
SYM,Maxsym 600i ABS,38000,A2,2018,600,MAXI-SCOOTER,3950
KAWASAKI,Z 900,13800,A,2020,900,NAKED,7950
KTM,125 Duke,8565,A1,2019,125,NAKED,3750
HARLEY DAVIDSON,VRSC Night Rod Special,31200,A,2011,1100,CUSTOM,14950
HARLEY DAVIDSON,Sportster 883,14952,A,2003,900,CUSTOM,8950
TRIUMPH,STREET TRIPLE,50932,A,2010,700,NAKED,3450
BMW,C 600 Sport,17000,A / A2,2013,600,MAXI-SCOOTER,3250
APRILIA,Tuono 125,7080,A1,2021,125,NAKED,3750
KTM,390 Duke,27290,A2,2016,390,NAKED,3250
BMW,G 310 R,360,A2,2020,310,SPORT,4950
DUCATI,MONSTER 1200,23800,A,2015,1200,NAKED,11250
HONDA,CBR 1000RR,25037,A,2008,1000,SPORT,9170
SUZUKI,V-Strom 650 ABS,25400,A / A2,2020,650,TRAIL,7450
TRIUMPH,TIGER 800 XC,36600,A,2012,800,TRAIL,7250
DUCATI,Scrambler Desert Sled,8915,A,2017,800,NAKED,9450
KYMCO,Grand Dink 125,14300,A1,2017,125,SCOOTER,2850
BMW,R 1200 R,19779,A,2016,1200,NAKED,10750
DUCATI,Scrambler 1100,8632,A,2018,1100,NAKED,9880
VESPA,Primavera 125,852,A1,2021,125,SCOOTER,3670
KAWASAKI,Ninja H2 SX SE,4800,A,2019,1000,TOURING,12970
KTM,950 Adventure,54625,A,2005,950,TRAIL,5770
KAWASAKI,J 125,11500,A1,2017,125,SCOOTER,12970
BMW,F 800 ST,40023,A,2007,800,TOURING,3770
KTM,1290 Super Adventure T,18000,A,2017,1290,TRAIL,12970
YAMAHA,T-Max 500 ABS,57490,A / A2,2008,500,MAXI-SCOOTER,4770
DUCATI,Scrambler Café Racer,20000,A,2018,800,NAKED,2430
QUADRO,QV3,32390,A / A2,2019,350,TRES RUEDAS,4470
SUZUKI,Bandit 650 S,68000,A,2007,650,TOURING,2570
YAMAHA,FZ6 N,36000,A,2004,,NAKED,2430
KTM,Freeride 250 F,6000,A / A2,2018,250,OFF-ROAD,4970
BMW,S 1000 RR,33000,A,2013,1000,SPORT,11880
HONDA,X-ADV,34077,A / A2,2018,750,MAXI-SCOOTER,7970
YAMAHA,XJ6 Diversion N,19838,A / A2,2009,600,NAKED,3570
HONDA,CBF 600N,65000,A,2007,600,NAKED,2430
KTM,690 DUKE,26000,A,2013,690,NAKED,6330
KTM,690 SMC R ABS,7900,A,2019,690,NAKED,8450
KAWASAKI,GTR 1400,89300,A,2009,1400,TOURING,6330
SUZUKI,GS 500,63000,A / A2,1992,500,NAKED,1250
SYM,CruisymAlpha300,1000,A2,2021,300,MAXI-SCOOTER,6330
RIEJU,Century,800,A1,2021,125,NAKED,3030
TRIUMPH,SPEED TRIPLE RS,8400,A,2018,1000,NAKED,12930
HONDA,CRF 250 RX,1700,A2,2019,250,OFF-ROAD,7170
BMW,F 800 R,35000,A,2009,800,NAKED,4350
BENELLI,BN 251 ABS,18600,A2,2019,250,NAKED,2550
HONDA,CB 500 F,4500,A2,2019,500,NAKED,4350
SUZUKI,BURGMAN 125,20000,A1,2008,125,SCOOTER,4770
KYMCO,AK 550,16000,A / A2,2019,550,MAXI-SCOOTER,7170
HARLEY DAVIDSON,Sportster 883,14500,A,2008,883,CUSTOM,6950
YAMAHA,X MAX 400 ABS,9000,A2,2016,400,MAXI-SCOOTER,4770
KTM,LC4 620 SUPERCOMPETICION,11800,A,2005,690,OFF-ROAD,4130
TRIUMPH,STREET TRIPLE RS,1000,A,2018,760,NAKED,2550
YAMAHA,T-Max 500,37700,A2,2010,500,MAXI-SCOOTER,5170
KAWASAKI,ER 6F,44200,A / A2,2006,650,NAKED,2550
BMW,G 650 GS,49000,A / A2,2010,650,TRAIL,4130
HONDA,VFR 800 FI,44000,A2,2011,800,TOURING,5970
HONDA,VARADERO XL1000V,72000,A,2007,1000,TRAIL,4470
DUCATI,HYPERMOTARD 1000,23800,A,2008,1100,NAKED,6170
YAMAHA,YZF R1,37500,A,2006,,SPORT,5370
MACBOR,Shifter MC1,20500,A1,2018,125,TRAIL,2170
KTM,690 SMC R ABS,6800,A,2020,690,NAKED,8570
BMW,K 1200 GT,85700,A,2006,1200,TOURING,5970
KAWASAKI,ZX-10RR,26600,A,2017,1000,SPORT,14570
TRIUMPH,SPEED TRIPLE,37800,A,2011,1050,NAKED,7170
HONDA,VARADERO XL1000V,32600,A,2008,1000,TRAIL,6470
DUCATI,Scrambler Sixty2,13000,A2,2019,400,NAKED,6170
BMW,R nineT Scrambler,1500,A,2020,,NAKED,12470
HONDA,VT 750 C SHADOW,48000,A,2012,750,CUSTOM,4570
SYM,Symphony ST 200i CBS,6300,A2,2019,200,MAXI-SCOOTER,2270
YAMAHA,X MAX 250,16000,A2,2010,250,MAXI-SCOOTER,2570
SUZUKI,Gladius 650,42900,A2,2013,650,NAKED,3570
SUZUKI,BURGMAN 125,24000,A1,2015,125,SCOOTER,2470
DUCATI,MONSTER 1200,52500,A,2014,1200,NAKED,7470
BMW,R 1200 GS,86000,A,2004,1200,TRAIL,5670
SYM,MAXSYM 400,20000,A2,2012,400,MAXI-SCOOTER,3270
SUZUKI,GSR 600,38100,A,2006,600,NAKED,2770
HONDA,NT 650 V DEAUVILLE,22000,A / A2,2003,650,TOURING,2970
VESPA,Elettrica L1,565,A1,2019,125,SCOOTER,4970
KAWASAKI,Z 800e,11000,A / A2,2016,800,NAKED,5870
BMW,R 1200 GS,60700,A,2005,1200,TRAIL,6370
BMW,K 1200 GT,101600,A,2006,1200,TOURING,5470
SUZUKI,GSX R1000,30100,A,2008,1000,SPORT,7470
HONDA,Forza 300,42000,A2,2018,300,MAXI-SCOOTER,3770
BMW,R nineT Urban GS,3000,A,2021,1200,TOURING,15570
BMW,G 310 GS,3639,A2,2019,310,TRAIL,4470
APRILIA,RS 660,913,A,2021,660,SPORT,9970
BENELLI,Leoncino 250,6000,A2,2020,250,NAKED,3270
HONDA,VARADERO XL1000V,41000,A,2008,1000,TRAIL,5770
PEUGEOT,Citystar 125 ABS,7200,A1,2019,125,SCOOTER,2270
KYMCO,Grand Dink 125,17000,A1,2018,125,SCOOTER,2570
DUCATI,Scrambler Classic,24000,A / A2,2017,400,NAKED,5970
HONDA,NC 750 S,30100,A / A2,2015,750,NAKED,5570
SUZUKI,GSX R1000,32500,A,2005,1000,SPORT,4470
YAMAHA,YZF R1,52000,A,2006,1000,SPORT,5370
HONDA,CBR 1000RR Fireblade,24000,A,2011,1000,SPORT,4470
SUZUKI,GSX R600,45000,A,2009,600,SPORT,4470
YAMAHA,YZF R1,41000,A,2005,1000,SPORT,5970
TRIUMPH,Speedmaster 800,28900,A,2005,800,CUSTOM,5670
KAWASAKI,Vulcan S,8100,A / A2,2017,650,CUSTOM,6290
SUZUKI,BURGMAN 400,22500,A / A2,2015,400,MAXI-SCOOTER,3670
HONDA,CB 1000R,15200,A,2019,1000,NAKED,10770
HONDA,X-ADV,45000,A,2018,750,MAXI-SCOOTER,7470
BMW,F 800 GT,16500,A,2016,800,TOURING,7470
TRIUMPH,TIGER Explorer 1200,30000,A,2015,1200,TRAIL,10970
YAMAHA,FZ8 N,38400,A,2011,800,NAKED,4770
KTM,790 Duke,42500,A,2018,790,NAKED,5570
HONDA,CBR 1000 RR Fireblade,6900,A,2018,1000,SPORT,16370
YAMAHA,X-MAX 250 Momodesing,2652,A2,2015,250,MAXI-SCOOTER,3170
HARLEY DAVIDSON,Sportster Forty-Eight,19000,A,2015,1200,CUSTOM,11170
HONDA,CBF 600S,41500,A / A2,2010,600,TOURING,3270
VESPA,Primavera 50 2T,10000,AM,2020,49,SCOOTER,1970
YAMAHA,YZF R1,43000,A,2007,1000,SPORT,6070
HONDA,S-WING 125,37600,A1,2008,125,NAKED,1570
BMW,F 900 XR,4700,A,2020,900,TRAIL,11970
TRIUMPH,STREET TRIPLE 660,8750,A,2018,660,NAKED,6970
BMW,K 1200 GT,111000,A,2007,1200,TOURING,5470
APRILIA,SRV 850,17900,A,2014,850,MAXI-SCOOTER,5570
HONDA,CB 500 F,17000,A / A2,2019,500,NAKED,4970
YAMAHA,Niken,6660,A,2018,850,TRES RUEDAS,12470
KTM,390 Duke,16000,A2,2018,390,NAKED,4470
PIAGGIO,beverly Sport Touring 350 ie,19800,A2,2013,350,MAXI-SCOOTER,3270
BMW,C 650 GT,24000,A / A2,2015,650,MAXI-SCOOTER,5270
BENELLI,TRK 502,60400,A2,2018,502,TRAIL,3970
YAMAHA,X MAX 125 Iron Max,11200,A1,2017,125,SCOOTER,3570
HONDA,Crossrunner VFR800X,9500,A,2019,800,TRAIL,10970
KAWASAKI,ZX 6R,13900,A,2010,600,SPORT,6370
BMW,F 650,25000,A / A2,2000,650,TRAIL,2970
KAWASAKI,ER 5,62300,A / A2,2006,500,NAKED,2270
KAWASAKI,ZZR 1400,66000,A,2009,1400,SPORT,5970
KYMCO,AK 550,22400,A / A2,2017,550,MAXI-SCOOTER,6170
BMW,C 600 Sport,23300,A2,2015,600,MAXI-SCOOTER,5570
HARLEY DAVIDSON,VRSC V-Rod,44700,A,2006,1200,CUSTOM,8770
YAMAHA,YZF-R3,11225,A2,2019,300,SPORT,5570
BMW,S 1000 R,12800,A,2019,1000,NAKED,12970
SYM,HD 300,12500,A2,2019,300,MAXI-SCOOTER,2770
HONDA,FORZA 250 X,56000,A2,2006,250,MAXI-SCOOTER,1170
APRILIA,Tuono 1000 R,49600,A,2007,1000,NAKED,3870
HARLEY DAVIDSON,Sportster Forty-Eight,51800,A,2014,1200,CUSTOM,9970
BMW,F 800 GT,12836,A,2013,800,TOURING,6470
HONDA,Passion 125 I.E.,39000,A1,2008,125,SCOOTER,1270
SUZUKI,VL 800 Intruder Volusia,40510,A,2002,800,CUSTOM,4970
DUCATI,Scrambler Classic,12000,A,2017,800,NAKED,8270
KYMCO,People 50 S,12000,AM,2017,50,SCOOTER,1470
HARLEY DAVIDSON,Sportster 883 Iron,16000,A,2014,883,CUSTOM,9270
PIAGGIO,beverly 300 ie,21000,A2,2011,300,MAXI-SCOOTER,2270
BMW,K 1300 S,53000,A,2010,1300,TOURING,8470
DUCATI,MULTISTRADA 1200 S Sport,33600,A,2010,1200,TRAIL,6170
BMW,G 310 GS,21000,A2,2018,310,TRAIL,3770
BMW,S 1000 RR,13100,A,2018,1000,SPORT,17470
KYMCO,Grand Dink 125,22000,A1,2017,125,SCOOTER,2490
PIAGGIO,Beverly 400 HPE,4500,A2,2021,400,MAXI-SCOOTER,6170
